-- phpMyAdmin SQL Dump
-- version 4.8.5
-- https://www.phpmyadmin.net/
--
-- Host: 127.0.0.1
-- Waktu pembuatan: 11 Des 2024 pada 14.33
-- Versi server: 10.1.38-MariaDB
-- Versi PHP: 5.6.40

SET SQL_MODE = "NO_AUTO_VALUE_ON_ZERO";
SET AUTOCOMMIT = 0;
START TRANSACTION;
SET time_zone = "+00:00";


/*!40101 SET @OLD_CHARACTER_SET_CLIENT=@@CHARACTER_SET_CLIENT */;
/*!40101 SET @OLD_CHARACTER_SET_RESULTS=@@CHARACTER_SET_RESULTS */;
/*!40101 SET @OLD_COLLATION_CONNECTION=@@COLLATION_CONNECTION */;
/*!40101 SET NAMES utf8mb4 */;

--
-- Database: `db_ilibrary`
--

-- --------------------------------------------------------

--
-- Struktur dari tabel `anggota`
--

CREATE TABLE `anggota` (
  `id_anggota` int(11) NOT NULL,
  `nama` varchar(150) NOT NULL,
  `alamat` varchar(250) NOT NULL,
  `tanggabung` date NOT NULL,
  `email` varchar(100) DEFAULT NULL,
  `notelp` varchar(15) DEFAULT NULL
) ENGINE=InnoDB DEFAULT CHARSET=utf8mb4;

--
-- Dumping data untuk tabel `anggota`
--

INSERT INTO `anggota` (`id_anggota`, `nama`, `alamat`, `tanggabung`, `email`, `notelp`) VALUES
(1, 'Chandra', 'Jakarta', '2023-01-15', 'chandra@example.com', '08123456789'),
(2, 'anggota', 'dfghff', '2024-12-19', '1sjdh@yahoo.com', '234567876');

-- --------------------------------------------------------

--
-- Struktur dari tabel `buku`
--

CREATE TABLE `buku` (
  `id_buku` int(11) NOT NULL,
  `judul` varchar(250) NOT NULL,
  `pengarang` varchar(150) NOT NULL,
  `tahun_terbit` year(4) NOT NULL,
  `penerbit` varchar(100) NOT NULL,
  `isbn` varchar(25) NOT NULL,
  `jumlah_stok` int(11) NOT NULL,
  `kategori_id` int(11) NOT NULL,
  `id_petugas` int(11) NOT NULL
) ENGINE=InnoDB DEFAULT CHARSET=utf8mb4;

--
-- Dumping data untuk tabel `buku`
--

INSERT INTO `buku` (`id_buku`, `judul`, `pengarang`, `tahun_terbit`, `penerbit`, `isbn`, `jumlah_stok`, `kategori_id`, `id_petugas`) VALUES
(1, 'Cisco', 'John Doe', 2020, 'Tech Publisher', '123456789', 10, 1, 1),
(2, 'Psikologi Dasar', 'Jane Smith', 2019, 'Psych Press', '987654321', 5, 2, 1),
(3, 'Buku A', 'Pengarang A', 2023, 'Penerbit A', '1234567890', 10, 1, 1),
(4, 'aaaa', 'dsdff', 0000, 'gdfg', '13455', 12, 1, 1);

-- --------------------------------------------------------

--
-- Struktur dari tabel `kategori`
--

CREATE TABLE `kategori` (
  `id_kategori` int(11) NOT NULL,
  `nama_kategori` varchar(50) NOT NULL,
  `deskripsi` text
) ENGINE=InnoDB DEFAULT CHARSET=utf8mb4;

--
-- Dumping data untuk tabel `kategori`
--

INSERT INTO `kategori` (`id_kategori`, `nama_kategori`, `deskripsi`) VALUES
(1, 'Teknologi', 'Buku-buku tentang teknologi informasi'),
(2, 'Psikologi', 'Buku-buku tentang ilmu psikologi');

-- --------------------------------------------------------

--
-- Struktur dari tabel `peminjaman`
--

CREATE TABLE `peminjaman` (
  `id_peminjaman` int(11) NOT NULL,
  `id_anggota` int(11) NOT NULL,
  `id_buku` int(11) NOT NULL,
  `tanggal_pinjam` date NOT NULL,
  `tanggal_kembali` date DEFAULT NULL,
  `status_pinjam` varchar(20) NOT NULL
) ENGINE=InnoDB DEFAULT CHARSET=utf8mb4;

--
-- Dumping data untuk tabel `peminjaman`
--

INSERT INTO `peminjaman` (`id_peminjaman`, `id_anggota`, `id_buku`, `tanggal_pinjam`, `tanggal_kembali`, `status_pinjam`) VALUES
(1, 1, 1, '2024-12-01', '2024-12-10', 'Dikembalikan'),
(2, 2, 2, '2024-12-12', '2024-12-14', 'Dikembalikan'),
(3, 1, 2, '2024-12-10', '2024-12-09', 'Dipinjam');

-- --------------------------------------------------------

--
-- Struktur dari tabel `petugas`
--

CREATE TABLE `petugas` (
  `id_petugas` int(11) NOT NULL,
  `nama_petugas` varchar(150) NOT NULL,
  `username` varchar(50) NOT NULL,
  `password` varchar(100) NOT NULL,
  `level` varchar(50) NOT NULL
) ENGINE=InnoDB DEFAULT CHARSET=utf8mb4;

--
-- Dumping data untuk tabel `petugas`
--

INSERT INTO `petugas` (`id_petugas`, `nama_petugas`, `username`, `password`, `level`) VALUES
(1, 'Admin', 'admin', 'admin123', 'Administrator'),
(2, 'Admin 1', 'admin1', 'password123', 'Admin');

--
-- Indexes for dumped tables
--

--
-- Indeks untuk tabel `anggota`
--
ALTER TABLE `anggota`
  ADD PRIMARY KEY (`id_anggota`);

--
-- Indeks untuk tabel `buku`
--
ALTER TABLE `buku`
  ADD PRIMARY KEY (`id_buku`),
  ADD KEY `fk_buku_kategori` (`kategori_id`),
  ADD KEY `fk_buku_petugas` (`id_petugas`);

--
-- Indeks untuk tabel `kategori`
--
ALTER TABLE `kategori`
  ADD PRIMARY KEY (`id_kategori`);

--
-- Indeks untuk tabel `peminjaman`
--
ALTER TABLE `peminjaman`
  ADD PRIMARY KEY (`id_peminjaman`),
  ADD KEY `fk_peminjaman_anggota` (`id_anggota`),
  ADD KEY `fk_peminjaman_buku` (`id_buku`);

--
-- Indeks untuk tabel `petugas`
--
ALTER TABLE `petugas`
  ADD PRIMARY KEY (`id_petugas`);

--
-- AUTO_INCREMENT untuk tabel yang dibuang
--

--
-- AUTO_INCREMENT untuk tabel `anggota`
--
ALTER TABLE `anggota`
  MODIFY `id_anggota` int(11) NOT NULL AUTO_INCREMENT, AUTO_INCREMENT=3;

--
-- AUTO_INCREMENT untuk tabel `buku`
--
ALTER TABLE `buku`
  MODIFY `id_buku` int(11) NOT NULL AUTO_INCREMENT, AUTO_INCREMENT=5;

--
-- AUTO_INCREMENT untuk tabel `kategori`
--
ALTER TABLE `kategori`
  MODIFY `id_kategori` int(11) NOT NULL AUTO_INCREMENT, AUTO_INCREMENT=3;

--
-- AUTO_INCREMENT untuk tabel `peminjaman`
--
ALTER TABLE `peminjaman`
  MODIFY `id_peminjaman` int(11) NOT NULL AUTO_INCREMENT, AUTO_INCREMENT=4;

--
-- AUTO_INCREMENT untuk tabel `petugas`
--
ALTER TABLE `petugas`
  MODIFY `id_petugas` int(11) NOT NULL AUTO_INCREMENT, AUTO_INCREMENT=3;

--
-- Ketidakleluasaan untuk tabel pelimpahan (Dumped Tables)
--

--
-- Ketidakleluasaan untuk tabel `buku`
--
ALTER TABLE `buku`
  ADD CONSTRAINT `fk_buku_kategori` FOREIGN KEY (`kategori_id`) REFERENCES `kategori` (`id_kategori`) ON DELETE CASCADE,
  ADD CONSTRAINT `fk_buku_petugas` FOREIGN KEY (`id_petugas`) REFERENCES `petugas` (`id_petugas`) ON DELETE CASCADE ON UPDATE CASCADE;

--
-- Ketidakleluasaan untuk tabel `peminjaman`
--
ALTER TABLE `peminjaman`
  ADD CONSTRAINT `fk_peminjaman_anggota` FOREIGN KEY (`id_anggota`) REFERENCES `anggota` (`id_anggota`) ON DELETE CASCADE,
  ADD CONSTRAINT `fk_peminjaman_buku` FOREIGN KEY (`id_buku`) REFERENCES `buku` (`id_buku`) ON DELETE CASCADE;
COMMIT;

/*!40101 SET CHARACTER_SET_CLIENT=@OLD_CHARACTER_SET_CLIENT */;
/*!40101 SET CHARACTER_SET_RESULTS=@OLD_CHARACTER_SET_RESULTS */;
/*!40101 SET COLLATION_CONNECTION=@OLD_COLLATION_CONNECTION */;
